strategy,input,output,latency,score
Zero-shot,"The product is useful, but onboarding took forever.",Negative,4.81,3
Few-shot,"The product is useful, but onboarding took forever.",Sentiment: Neutral,3.4,3
Role prompting,"The product is useful, but onboarding took forever.","Neutral.

Reason: The message contains both positive (product is useful) and negative (onboarding took forever) elements, producing a mixed overall sentiment.",3.68,3
Structured output,"The product is useful, but onboarding took forever.","{""sentiment"":""mixed"",""confidence"":0.95,""reason"":""User praises the product as useful but complains that onboarding took too long, indicating both positive and negative sentiments.""}",7.56,3
Zero-shot,"The product is useful, but onboarding took forever.","Negative

Reason: Positive comment about the product is offset by a strong complaint about onboarding, so the overall sentiment is negative.",7.56,3
Few-shot,"The product is useful, but onboarding took forever.",Sentiment: Neutral,3.88,3
Role prompting,"The product is useful, but onboarding took forever.","Negative

Reason: While the customer acknowledges the product is useful, the strong complaint (""onboarding took forever"") expresses frustration. The ""but"" flips the tone, so the overall sentiment leans negative.",3.94,2
Structured output,"The product is useful, but onboarding took forever.","{""sentiment"":""mixed"",""confidence"":0.88,""reason"":""User praises the product's usefulness but complains that onboarding took too long, indicating both positive and negative aspects.""}",7.27,3
